{"cameraMode":{"drawMode":0,"name":"Shaded","section":"Shading Mode"},"sceneLighting":false,"audioPlay":false,"sceneViewState":{"showFog":true,"showMaterialUpdate":false,"showSkybox":false,"showFlares":true,"showImageEffects":true,"showParticleSystems":true},"in2DMode":false,"pivot":{"x":-0.24768203496932984,"y":2.9258899688720705,"z":-4.821018218994141},"rotation":{"x":0.12763448059558869,"y":-0.503099799156189,"z":0.07544287294149399,"w":0.8514363765716553},"size":1.7039909362792969,"orthographic":false}