{"cameraMode":{"drawMode":0,"name":"Shaded","section":"Shading Mode"},"sceneLighting":true,"audioPlay":false,"sceneViewState":{"showFog":true,"showMaterialUpdate":false,"showSkybox":true,"showFlares":true,"showImageEffects":true,"showParticleSystems":true},"in2DMode":false,"pivot":{"x":-2.1443142890930177,"y":2.6305582523345949,"z":1.0078272819519044},"rotation":{"x":0.08619892597198487,"y":-0.8121622800827026,"z":0.12426107376813889,"w":0.5635408759117127},"size":7.430129528045654,"orthographic":false}